node,community
MUTATION|ORF9b:I5T,0
MUTATION|ORF1a:A2710T,0
MUTATION|ORF9b:N55S,0
MUTATION|ORF1b:R1315C,0
CLADE|24A,0
MUTATION|S:N679K,0
MUTATION|S:V213G,0
MUTATION|S:P25-,0
MUTATION|ORF1a:T3090I,0
GENE|ORF6,0
MUTATION|M:D3G,0
MUTATION|S:R346T,0
MUTATION|S:T478K,0
MUTATION|S:Y505H,0
MUTATION|S:L24-,0
MUTATION|S:S375F,0
MUTATION|ORF1b:T2163I,0
MUTATION|S:N440K,0
MUTATION|S:A27S,0
MUTATION|S:Q183E,0
"VARIANT|OR958377.1 Severe acute respiratory syndrome coronavirus 2 isolate SARS-CoV-2/human/USA/CA-CDPH-500128835/2023 ORF1ab polyprotein (ORF1ab) gene, partial cds; ORF1a polyprotein (ORF1ab) gene, complete cds; surface glycoprotein (S) gene, partial cds; ORF3a protein (ORF3a), envelope protein (E), membrane glycoprotein (M), ORF6 protein (ORF6), ORF7a protein (ORF7a), and ORF7b (ORF7b) genes, complete cds; ORF8 gene, complete sequence; and nucleocapsid phosphoprotein (N) and ORF10 protein (ORF10) genes, complete cds",0
MUTATION|N:R32-,0
MUTATION|M:A63T,0
MUTATION|S:N764K,0
MUTATION|S:F490S,0
MUTATION|S:V445P,0
MUTATION|E:T11A,0
MUTATION|N:S413R,0
MUTATION|S:Q493R,0
MUTATION|S:G339D,0
MUTATION|S:T19I,0
MUTATION|ORF1b:I1566V,0
MUTATION|N:S33-,0
MUTATION|N:P13L,0
CLADE|22C,0
MUTATION|S:L368I,0
MUTATION|S:T376A,0
MUTATION|ORF9b:P10S,0
MUTATION|M:Q19E,0
MUTATION|M:A104V,0
MUTATION|S:V83A,0
MUTATION|M:T30A,0
MUTATION|ORF8:G8*,0
MUTATION|ORF1a:T3255I,0
MUTATION|S:S477N,0
MUTATION|S:P26-,0
MUTATION|ORF9b:E27-,0
MUTATION|ORF1a:L3027F,0
MUTATION|S:F486P,0
MUTATION|S:R408S,0
MUTATION|S:N460K,0
CLADE|23F,0
MUTATION|S:Q954H,0
CLADE|23B,0
MUTATION|S:N969K,0
CLADE|21K,0
"VARIANT|PP485688.1 Severe acute respiratory syndrome coronavirus 2 isolate SARS-CoV-2/human/USA/CO-CDPHE-41709094/2024 ORF1ab polyprotein (ORF1ab) and ORF1a polyprotein (ORF1ab) genes, complete cds; surface glycoprotein (S) and ORF3a protein (ORF3a) genes, partial cds; and envelope protein (E), membrane glycoprotein (M), ORF6 protein (ORF6), ORF7a protein (ORF7a), ORF7b (ORF7b), ORF8 protein (ORF8), nucleocapsid phosphoprotein (N), and ORF10 protein (ORF10) genes, complete cds",0
MUTATION|ORF1a:P3395H,0
MUTATION|S:N211-,0
MUTATION|S:G339H,0
MUTATION|ORF3a:T223I,0
MUTATION|ORF1a:G1307S,0
MUTATION|ORF1a:L3201F,0
MUTATION|ORF9b:A29-,0
MUTATION|M:A2V,0
MUTATION|S:D405N,0
MUTATION|S:G142D,0
MUTATION|S:F456L,0
MUTATION|E:T9I,0
MUTATION|ORF1a:S135R,0
MUTATION|S:Q498R,0
MUTATION|S:D796Y,0
MUTATION|ORF1a:G3676-,0
MUTATION|ORF1b:S959P,0
MUTATION|ORF6:D61L,0
CLADE|23A,0
GENE|ORF9b,0
MUTATION|ORF1a:K47R,0
MUTATION|S:K417N,0
MUTATION|S:S373P,0
MUTATION|S:G446S,0
"VARIANT|OM287553.1 Severe acute respiratory syndrome coronavirus 2 isolate SARS-CoV-2/human/NLD/EMC-Omicron-1/2021, complete genome",0
MUTATION|N:E31-,0
MUTATION|S:E484A,0
MUTATION|S:V213E,0
MUTATION|S:H146Q,0
GENE|E,0
MUTATION|M:D3H,0
MUTATION|S:H655Y,0
"VARIANT|OP293520.1 Severe acute respiratory syndrome coronavirus 2 isolate SARS-CoV-2/human/USA/CA-LACPHL-AF13418/2022 ORF1ab polyprotein (ORF1ab), ORF1a polyprotein (ORF1ab), surface glycoprotein (S), ORF3a protein (ORF3a), envelope protein (E), membrane glycoprotein (M), ORF6 protein (ORF6), ORF7a protein (ORF7a), ORF7b (ORF7b), ORF8 protein (ORF8), nucleocapsid phosphoprotein (N), and ORF10 protein (ORF10) genes, complete cds",0
GENE|M,0
"VARIANT|OR782922.1 Severe acute respiratory syndrome coronavirus 2 isolate SARS-CoV-2/human/ZAF/XBB.1.5/2022 ORF1ab polyprotein (ORF1ab), ORF1a polyprotein (ORF1ab), surface glycoprotein (S), ORF3a protein (ORF3a), envelope protein (E), membrane glycoprotein (M), ORF6 protein (ORF6), ORF7a protein (ORF7a), and ORF7b (ORF7b) genes, complete cds; ORF8 gene, complete sequence; and nucleocapsid phosphoprotein (N) and ORF10 protein (ORF10) genes, complete cds",0
MUTATION|ORF1a:T842I,0
MUTATION|ORF1a:T4175I,0
MUTATION|S:G252V,0
MUTATION|ORF9b:N28-,0
MUTATION|S:S371F,0
MUTATION|S:L212I,0
"VARIANT|OR998518.1 Severe acute respiratory syndrome coronavirus 2 isolate SARS-CoV-2/human/USA/WV138205/2023 ORF1ab polyprotein (ORF1ab), ORF1a polyprotein (ORF1ab), surface glycoprotein (S), ORF3a protein (ORF3a), envelope protein (E), membrane glycoprotein (M), ORF6 protein (ORF6), ORF7a protein (ORF7a), and ORF7b (ORF7b) genes, complete cds; ORF8 gene, complete sequence; and nucleocapsid phosphoprotein (N) and ORF10 protein (ORF10) genes, complete cds",0
MUTATION|ORF1b:P314L,1
MUTATION|ORF1a:S3675-,1
MUTATION|ORF1a:A3705V,1
MUTATION|S:H69-,1
MUTATION|ORF1b:E1264D,1
MUTATION|ORF1a:S2947N,1
MUTATION|N:P80R,1
"VARIANT|MZ169911.1 Severe acute respiratory syndrome coronavirus 2 isolate SARS-CoV-2/human/BRA/1236/2021, complete genome",1
MUTATION|S:Y144-,1
MUTATION|N:R203K,1
MUTATION|ORF1a:K1973R,1
MUTATION|ORF1a:T265I,1
MUTATION|ORF1a:S1857L,1
"VARIANT|MZ054073.1 Severe acute respiratory syndrome coronavirus 2 isolate SARS-CoV-2/human/USA/VT-CDCBI-CRSP_NFFSIWT6KEOG33OF/2021 ORF1ab polyprotein (ORF1ab), ORF1a polyprotein (ORF1ab), surface glycoprotein (S), ORF3a protein (ORF3a), envelope protein (E), membrane glycoprotein (M), ORF6 protein (ORF6), ORF7a protein (ORF7a), ORF7b (ORF7b), truncated ORF8 protein (ORF8), nucleocapsid phosphoprotein (N), and ORF10 protein (ORF10) genes, complete cds",1
CLADE|20C,1
MUTATION|ORF1b:P218L,1
MUTATION|ORF1a:R3821K,1
MUTATION|ORF9b:Q77E,1
"VARIANT|MW729265.1 Severe acute respiratory syndrome coronavirus 2 isolate SARS-CoV-2/human/USA/OH-UHTL-183/2021, complete genome",1
CLADE|20B,1
MUTATION|ORF1a:L2084I,1
MUTATION|ORF1a:A690V,1
MUTATION|ORF1a:A1708D,1
MUTATION|ORF1a:A211D,1
MUTATION|ORF1a:T1001I,1
MUTATION|ORF1a:S318L,1
MUTATION|ORF1a:A3143V,1
"VARIANT|MW420785.1 Severe acute respiratory syndrome coronavirus 2 isolate SARS-CoV-2/human/USA/UT-UPHL-2012877396/2020 ORF1ab polyprotein (ORF1ab), ORF1a polyprotein (ORF1ab), surface glycoprotein (S), ORF3a protein (ORF3a), envelope protein (E), membrane glycoprotein (M), ORF6 protein (ORF6), ORF7a protein (ORF7a), ORF7b (ORF7b), ORF8 protein (ORF8), nucleocapsid phosphoprotein (N), and ORF10 protein (ORF10) genes, complete cds",1
MUTATION|S:T20N,1
MUTATION|S:D138Y,1
MUTATION|N:G204R,1
MUTATION|ORF3a:S253P,1
MUTATION|ORF1a:I431M,1
MUTATION|ORF8:S24L,1
"VARIANT|MW729262.1 Severe acute respiratory syndrome coronavirus 2 isolate SARS-CoV-2/human/USA/OH-UHTL-180/2021, complete genome",1
MUTATION|S:V1176F,1
MUTATION|ORF1a:S2083-,1
MUTATION|ORF1a:K1795Q,1
MUTATION|S:S982A,1
MUTATION|ORF1a:S1188L,1
MUTATION|S:A570D,1
MUTATION|S:T1027I,1
MUTATION|N:D3L,1
"VARIANT|MZ169910.1 Severe acute respiratory syndrome coronavirus 2 isolate SARS-CoV-2/human/BRA/1061/2021, complete genome",1
MUTATION|S:R190S,1
MUTATION|S:K417T,1
MUTATION|ORF1a:T882I,1
MUTATION|ORF1a:M4375L,1
MUTATION|ORF8:Y73C,1
MUTATION|S:D614G,1
MUTATION|S:D1118H,1
MUTATION|ORF8:Q27*,1
MUTATION|ORF1a:F3677L,1
MUTATION|ORF1a:K856R,1
MUTATION|ORF1a:V3593F,1
"VARIANT|MW633280.1 Severe acute respiratory syndrome coronavirus 2 isolate SARS-CoV-2/human/FRA/UK-4_2021/2021 ORF1ab polyprotein (ORF1ab), ORF1a polyprotein (ORF1ab), surface glycoprotein (S), ORF3a protein (ORF3a), envelope protein (E), membrane glycoprotein (M), ORF6 protein (ORF6), ORF7a protein (ORF7a), ORF7b (ORF7b), and truncated ORF8 protein (ORF8) genes, complete cds; nucleocapsid phosphoprotein (N) gene, partial cds; and ORF10 protein (ORF10) gene, complete cds",1
MUTATION|ORF1a:I3758V,1
MUTATION|ORF8:E92K,1
MUTATION|ORF3a:Q57H,1
GENE|ORF1a,1
MUTATION|ORF1a:L3829F,1
MUTATION|ORF1a:F190L,1
MUTATION|S:P681H,1
MUTATION|S:L18F,1
"VARIANT|MZ054074.1 Severe acute respiratory syndrome coronavirus 2 isolate SARS-CoV-2/human/USA/VT-CDCBI-CRSP_NIJIBCF3VX4DFQJY/2021 ORF1ab polyprotein (ORF1ab), ORF1a polyprotein (ORF1ab), surface glycoprotein (S), ORF3a protein (ORF3a), envelope protein (E), membrane glycoprotein (M), and ORF6 protein (ORF6) genes, complete cds; ORF7a protein (ORF7a) and ORF7b (ORF7b) genes, partial cds; and truncated ORF8 protein (ORF8), nucleocapsid phosphoprotein (N), and ORF10 protein (ORF10) genes, complete cds",1
MUTATION|ORF1a:K714N,1
CLADE|20I,1
MUTATION|ORF1a:I2230T,1
MUTATION|ORF1a:Q3966R,1
MUTATION|ORF1a:F3677-,1
MUTATION|S:N501Y,1
MUTATION|S:P26S,1
MUTATION|ORF1a:A1204V,1
MUTATION|S:E484K,1
MUTATION|S:T716I,1
MUTATION|ORF8:K68*,1
MUTATION|S:L5F,1
MUTATION|N:S235F,1
MUTATION|ORF8:R52I,1
MUTATION|ORF1a:N2526S,1
"VARIANT|MW301121.1 Severe acute respiratory syndrome coronavirus 2 isolate SARS-CoV-2/human/CHN/MY-001/2020, complete genome",1
MUTATION|S:V70-,1
MUTATION|ORF1a:A498V,1
CLADE|20J,1
"VARIANT|ON456789.1 Severe acute respiratory syndrome coronavirus 2 isolate SARS-CoV-2/human/USA/TG310526/2020, complete genome",1
MUTATION|ORF1a:G1819S,1
MUTATION|ORF1a:E913D,1
MUTATION|ORF1a:M2259I,1
MUTATION|ORF1a:L3674-,1
MUTATION|S:A570V,2
MUTATION|S:V127F,2
MUTATION|S:K356T,2
MUTATION|S:T29I,2
MUTATION|ORF1a:L3201R,2
MUTATION|ORF1a:T1395N,2
MUTATION|S:V483-,2
MUTATION|ORF1b:K2538R,2
MUTATION|ORF7a:L116F,2
MUTATION|S:G142-,2
MUTATION|ORF1b:A517V,2
MUTATION|S:A67V,2
MUTATION|S:S704L,2
MUTATION|S:L981F,2
MUTATION|M:K162N,2
MUTATION|S:V445H,2
MUTATION|S:R21T,2
MUTATION|ORF3a:A99V,2
MUTATION|S:A653V,2
MUTATION|S:T95I,2
MUTATION|S:Q52H,2
MUTATION|ORF1a:K3162E,2
MUTATION|S:Y145D,2
MUTATION|S:S50L,2
MUTATION|ORF1a:L27F,2
MUTATION|S:L455S,2
MUTATION|M:H125Y,2
MUTATION|S:G496S,2
MUTATION|S:E554K,2
MUTATION|S:S371L,2
MUTATION|S:16:MPLF,2
MUTATION|S:F157S,2
MUTATION|S:214:EPE,2
MUTATION|S:E180V,2
MUTATION|S:P621S,2
MUTATION|S:S813I,2
MUTATION|ORF1a:K1855T,2
MUTATION|S:P812L,2
MUTATION|S:E484D,2
MUTATION|ORF1a:A1397V,2
MUTATION|S:F157L,2
MUTATION|S:R403K,2
MUTATION|S:N450D,2
GENE|ORF7a,2
MUTATION|S:N856K,2
MUTATION|S:K1191N,2
GENE|S,2
"VARIANT|OP684305.1 Severe acute respiratory syndrome coronavirus 2 isolate SARS-CoV-2/human/KAZ/B1.1/2021, complete genome",2
GENE|ORF3a,2
MUTATION|ORF7a:Q62E,2
MUTATION|S:L452W,2
MUTATION|ORF1b:A2431V,2
MUTATION|S:P1143L,2
MUTATION|S:Q992H,2
MUTATION|S:E154K,2
MUTATION|ORF3a:W45L,2
MUTATION|S:N481K,2
MUTATION|S:H245N,2
MUTATION|ORF3a:T151I,2
MUTATION|S:T547K,2
MUTATION|S:V143-,2
MUTATION|S:N74K,2
MUTATION|S:S939F,2
MUTATION|S:I332V,2
MUTATION|ORF7a:E92K,2
MUTATION|ORF1b:K2660R,2
MUTATION|S:D1118Y,2
MUTATION|S:T76I,2
MUTATION|S:T478R,2
MUTATION|S:E484Q,2
MUTATION|ORF1a:R1404C,2
MUTATION|ORF3a:P240S,2
MUTATION|S:S730F,2
MUTATION|S:L216F,2
MUTATION|S:D253G,2
MUTATION|S:L452Q,2
MUTATION|S:Q1071H,2
MUTATION|ORF3a:P159S,2
MUTATION|S:A264D,2
MUTATION|ORF1b:H1087Y,3
MUTATION|ORF1b:N1780S,3
MUTATION|ORF1b:A1432V,3
MUTATION|M:I82T,3
MUTATION|ORF1b:I1257V,3
GENE|N,3
MUTATION|ORF8:D119-,3
MUTATION|ORF1b:L2523F,3
MUTATION|ORF1b:K2310R,3
MUTATION|ORF7b:F19L,3
MUTATION|ORF1a:Q3332E,3
MUTATION|ORF1a:V3718A,3
MUTATION|ORF1b:K1383R,3
MUTATION|ORF1b:M1352I,3
MUTATION|ORF1a:K1407E,3
CLADE|21B,3
MUTATION|ORF1a:A1306S,3
MUTATION|S:P681R,3
MUTATION|S:T208M,3
"VARIANT|OL965487.1 Severe acute respiratory syndrome coronavirus 2 isolate SARS-CoV-2/human/USA/WA-UW-21111631612/2021 ORF1ab polyprotein (ORF1ab), ORF1a polyprotein (ORF1ab), surface glycoprotein (S), ORF3a protein (ORF3a), envelope protein (E), membrane glycoprotein (M), ORF6 protein (ORF6), ORF7a protein (ORF7a), ORF7b (ORF7b), ORF8 protein (ORF8), nucleocapsid phosphoprotein (N), and ORF10 protein (ORF10) genes, complete cds",3
CLADE|21J,3
MUTATION|ORF7b:L32F,3
MUTATION|N:D377Y,3
MUTATION|N:R203M,3
MUTATION|S:F157-,3
MUTATION|ORF1b:T2081A,3
MUTATION|ORF7b:T40I,3
MUTATION|S:E156-,3
MUTATION|ORF1b:L2213F,3
MUTATION|ORF8:F120-,3
MUTATION|ORF1b:S2312A,3
MUTATION|ORF1a:T3750I,3
CLADE|21I,3
MUTATION|S:R158G,3
MUTATION|S:T19R,3
"VARIANT|MZ571142.1 Severe acute respiratory syndrome coronavirus 2 isolate SARS-CoV-2/human/MAR/CNRST-IND2-2021/2021, complete genome",3
MUTATION|ORF7a:T120I,3
MUTATION|ORF3a:S26L,3
MUTATION|ORF1a:T3646A,3
MUTATION|ORF1a:A3209V,3
MUTATION|ORF1a:P2287S,3
MUTATION|ORF1b:G1129C,3
MUTATION|ORF1a:V1750A,3
MUTATION|ORF1a:I2190V,3
GENE|ORF1b,3
MUTATION|S:L452R,3
"VARIANT|OK091006.1 Severe acute respiratory syndrome coronavirus 2 isolate SARS-CoV-2/human/JPN/SARS-CoV-2, B.1.617.2 lineage, Delta variant/2021, complete genome",3
MUTATION|ORF1b:F183V,3
MUTATION|ORF1b:V1787I,3
MUTATION|ORF9b:T60A,3
MUTATION|N:D63G,3
MUTATION|N:G204P,3
MUTATION|ORF1a:H2125Y,3
MUTATION|N:G215C,3
"VARIANT|OL965902.1 Severe acute respiratory syndrome coronavirus 2 isolate SARS-CoV-2/human/USA/CA-SLOPH-C0540/2021 ORF1ab polyprotein (ORF1ab), ORF1a polyprotein (ORF1ab), surface glycoprotein (S), ORF3a protein (ORF3a), envelope protein (E), membrane glycoprotein (M), ORF6 protein (ORF6), ORF7a protein (ORF7a), ORF7b (ORF7b), ORF8 protein (ORF8), nucleocapsid phosphoprotein (N), and ORF10 protein (ORF10) genes, complete cds",3
MUTATION|ORF1a:A2554V,3
MUTATION|ORF1b:D1746Y,3
MUTATION|ORF1a:A4273S,3
MUTATION|ORF1b:K2557R,3
MUTATION|ORF1b:P1000L,3
MUTATION|S:D950N,3
MUTATION|S:T747I,3
MUTATION|ORF1b:G662S,3
MUTATION|ORF7a:V82A,3
MUTATION|N:Q229K,3
MUTATION|ORF1b:A1918V,3
MUTATION|ORF1a:T1567I,3
MUTATION|ORF1a:P2046L,3
MUTATION|ORF1a:V2930L,3
MUTATION|N:T362I,3
MUTATION|N:K388I,3
MUTATION|S:A222V,3
"VARIANT|PV361325.1 Severe acute respiratory syndrome coronavirus 2 isolate SARS-CoV-2/human/IND/hCoV-19_India_MP-AIIMSB_WGS2596_SW_21/2021, complete genome",3
MUTATION|ORF1a:P1640L,3
MUTATION|M:I82S,3
GENE|ORF7b,3
MUTATION|ORF8:L84S,4
MUTATION|ORF8:F120L,4
MUTATION|ORF8:F41V,4
CLADE|19B,4
MUTATION|ORF8:T87-,4
MUTATION|ORF8:I88-,4
MUTATION|ORF8:C61F,4
GENE|ORF8,4
"VARIANT|MN985325.1 Severe acute respiratory syndrome coronavirus 2 isolate SARS-CoV-2/human/USA/WA-CDC-02982586-001/2020, complete genome",4
MUTATION|ORF8:L60F,4
"VARIANT|MN908947.3 Severe acute respiratory syndrome coronavirus 2 isolate Wuhan-Hu-1, complete genome",5
"VARIANT|NC_045512.2 Severe acute respiratory syndrome coronavirus 2 isolate Wuhan-Hu-1, complete genome",5
CLADE|19A,5
VARIANT|MN908947.3,6
VARIANT|MN985325,7
VARIANT|MW301120,8
VARIANT|MW301121,9
VARIANT|MW301245,10
VARIANT|MW301247,11
VARIANT|MW420785,12
VARIANT|MW633280,13
VARIANT|MW729262,14
VARIANT|MW729265,15
VARIANT|MZ054073,16
VARIANT|MZ054074,17
VARIANT|MZ169910,18
VARIANT|MZ169911,19
VARIANT|MZ571142,20
VARIANT|NC_045512.2,21
VARIANT|OK091006,22
VARIANT|OL965487,23
VARIANT|OL965902,24
VARIANT|OM287553,25
VARIANT|ON123456,26
VARIANT|ON456789,27
VARIANT|ON982782,28
VARIANT|OP012345,29
VARIANT|OP293520,30
VARIANT|OP684305,31
VARIANT|OR782922,32
VARIANT|OR789768,33
VARIANT|OR958377,34
VARIANT|OR998518,35
VARIANT|PP485688,36
VARIANT|PV361325,37
VARIANT|SARS-CoV-2_Wuhan-Hu-1_2019,38
GENE|COX1,39
GENE|ORF10,40
GENE|ORF1ab,41
GENE|PB2,42
GENE|orf10,43
GENE|orf1ab,44
GENE|orf3a,45
GENE|orf6,46
GENE|orf7a,47
GENE|orf8,48
LINEAGE|19A,49
LINEAGE|19B,50
LINEAGE|20B,51
LINEAGE|20C,52
LINEAGE|20I,53
LINEAGE|20J,54
LINEAGE|21B,55
LINEAGE|21I,56
LINEAGE|21J,57
LINEAGE|21K,58
LINEAGE|22C,59
LINEAGE|23A,60
LINEAGE|23B,61
LINEAGE|23F,62
LINEAGE|24A,63
LINEAGE|A,64
LINEAGE|AY.103,65
LINEAGE|AY.29,66
LINEAGE|AY.44,67
LINEAGE|B,68
LINEAGE|B.1,69
LINEAGE|B.1.1,70
LINEAGE|B.1.1.7,71
LINEAGE|B.1.426,72
LINEAGE|B.1.617.1,73
LINEAGE|B.1.617.2,74
LINEAGE|BA.1.19,75
LINEAGE|BA.2.12.1,76
LINEAGE|HV.1,77
LINEAGE|JN.1,78
LINEAGE|P.1,79
LINEAGE|P.1.14,80
LINEAGE|Q.7,81
LINEAGE|XBB.1.16.6,82
LINEAGE|XBB.1.5.13,83
