node_id,node_type,label
VARIANT|MN908947.3,Variant,MN908947.3
VARIANT|MN985325,Variant,MN985325
VARIANT|MW301120,Variant,MW301120
VARIANT|MW301121,Variant,MW301121
VARIANT|MW301245,Variant,MW301245
VARIANT|MW301247,Variant,MW301247
VARIANT|MW420785,Variant,MW420785
VARIANT|MW633280,Variant,MW633280
VARIANT|MW729262,Variant,MW729262
VARIANT|MW729265,Variant,MW729265
VARIANT|MZ054073,Variant,MZ054073
VARIANT|MZ054074,Variant,MZ054074
VARIANT|MZ169910,Variant,MZ169910
VARIANT|MZ169911,Variant,MZ169911
VARIANT|MZ571142,Variant,MZ571142
VARIANT|NC_045512.2,Variant,NC_045512.2
VARIANT|OK091006,Variant,OK091006
VARIANT|OL965487,Variant,OL965487
VARIANT|OL965902,Variant,OL965902
VARIANT|OM287553,Variant,OM287553
VARIANT|ON123456,Variant,ON123456
VARIANT|ON456789,Variant,ON456789
VARIANT|ON982782,Variant,ON982782
VARIANT|OP012345,Variant,OP012345
VARIANT|OP293520,Variant,OP293520
VARIANT|OP684305,Variant,OP684305
VARIANT|OR782922,Variant,OR782922
VARIANT|OR789768,Variant,OR789768
VARIANT|OR958377,Variant,OR958377
VARIANT|OR998518,Variant,OR998518
VARIANT|PP485688,Variant,PP485688
VARIANT|PV361325,Variant,PV361325
VARIANT|SARS-CoV-2_Wuhan-Hu-1_2019,Variant,SARS-CoV-2_Wuhan-Hu-1_2019
MUTATION|E:T11A,Mutation,E:T11A
MUTATION|E:T9I,Mutation,E:T9I
MUTATION|M:A104V,Mutation,M:A104V
MUTATION|M:A2V,Mutation,M:A2V
MUTATION|M:A63T,Mutation,M:A63T
MUTATION|M:D3G,Mutation,M:D3G
MUTATION|M:D3H,Mutation,M:D3H
MUTATION|M:H125Y,Mutation,M:H125Y
MUTATION|M:I82S,Mutation,M:I82S
MUTATION|M:I82T,Mutation,M:I82T
MUTATION|M:K162N,Mutation,M:K162N
MUTATION|M:Q19E,Mutation,M:Q19E
MUTATION|M:T30A,Mutation,M:T30A
MUTATION|N:D377Y,Mutation,N:D377Y
MUTATION|N:D3L,Mutation,N:D3L
MUTATION|N:D63G,Mutation,N:D63G
MUTATION|N:E31-,Mutation,N:E31-
MUTATION|N:G204P,Mutation,N:G204P
MUTATION|N:G204R,Mutation,N:G204R
MUTATION|N:G215C,Mutation,N:G215C
MUTATION|N:K388I,Mutation,N:K388I
MUTATION|N:P13L,Mutation,N:P13L
MUTATION|N:P80R,Mutation,N:P80R
MUTATION|N:Q229K,Mutation,N:Q229K
MUTATION|N:R203K,Mutation,N:R203K
MUTATION|N:R203M,Mutation,N:R203M
MUTATION|N:R32-,Mutation,N:R32-
MUTATION|N:S235F,Mutation,N:S235F
MUTATION|N:S33-,Mutation,N:S33-
MUTATION|N:S413R,Mutation,N:S413R
MUTATION|N:T362I,Mutation,N:T362I
MUTATION|ORF1a:A1204V,Mutation,ORF1a:A1204V
MUTATION|ORF1a:A1306S,Mutation,ORF1a:A1306S
MUTATION|ORF1a:A1397V,Mutation,ORF1a:A1397V
MUTATION|ORF1a:A1708D,Mutation,ORF1a:A1708D
MUTATION|ORF1a:A211D,Mutation,ORF1a:A211D
MUTATION|ORF1a:A2554V,Mutation,ORF1a:A2554V
MUTATION|ORF1a:A2710T,Mutation,ORF1a:A2710T
MUTATION|ORF1a:A3143V,Mutation,ORF1a:A3143V
MUTATION|ORF1a:A3209V,Mutation,ORF1a:A3209V
MUTATION|ORF1a:A3705V,Mutation,ORF1a:A3705V
MUTATION|ORF1a:A4273S,Mutation,ORF1a:A4273S
MUTATION|ORF1a:A498V,Mutation,ORF1a:A498V
MUTATION|ORF1a:A690V,Mutation,ORF1a:A690V
MUTATION|ORF1a:E913D,Mutation,ORF1a:E913D
MUTATION|ORF1a:F190L,Mutation,ORF1a:F190L
MUTATION|ORF1a:F3677-,Mutation,ORF1a:F3677-
MUTATION|ORF1a:F3677L,Mutation,ORF1a:F3677L
MUTATION|ORF1a:G1307S,Mutation,ORF1a:G1307S
MUTATION|ORF1a:G1819S,Mutation,ORF1a:G1819S
MUTATION|ORF1a:G3676-,Mutation,ORF1a:G3676-
MUTATION|ORF1a:H2125Y,Mutation,ORF1a:H2125Y
MUTATION|ORF1a:I2190V,Mutation,ORF1a:I2190V
MUTATION|ORF1a:I2230T,Mutation,ORF1a:I2230T
MUTATION|ORF1a:I3758V,Mutation,ORF1a:I3758V
MUTATION|ORF1a:I431M,Mutation,ORF1a:I431M
MUTATION|ORF1a:K1407E,Mutation,ORF1a:K1407E
MUTATION|ORF1a:K1795Q,Mutation,ORF1a:K1795Q
MUTATION|ORF1a:K1855T,Mutation,ORF1a:K1855T
MUTATION|ORF1a:K1973R,Mutation,ORF1a:K1973R
MUTATION|ORF1a:K3162E,Mutation,ORF1a:K3162E
MUTATION|ORF1a:K47R,Mutation,ORF1a:K47R
MUTATION|ORF1a:K714N,Mutation,ORF1a:K714N
MUTATION|ORF1a:K856R,Mutation,ORF1a:K856R
MUTATION|ORF1a:L2084I,Mutation,ORF1a:L2084I
MUTATION|ORF1a:L27F,Mutation,ORF1a:L27F
MUTATION|ORF1a:L3027F,Mutation,ORF1a:L3027F
MUTATION|ORF1a:L3201F,Mutation,ORF1a:L3201F
MUTATION|ORF1a:L3201R,Mutation,ORF1a:L3201R
MUTATION|ORF1a:L3674-,Mutation,ORF1a:L3674-
MUTATION|ORF1a:L3829F,Mutation,ORF1a:L3829F
MUTATION|ORF1a:M2259I,Mutation,ORF1a:M2259I
MUTATION|ORF1a:M4375L,Mutation,ORF1a:M4375L
MUTATION|ORF1a:N2526S,Mutation,ORF1a:N2526S
MUTATION|ORF1a:P1640L,Mutation,ORF1a:P1640L
MUTATION|ORF1a:P2046L,Mutation,ORF1a:P2046L
MUTATION|ORF1a:P2287S,Mutation,ORF1a:P2287S
MUTATION|ORF1a:P3395H,Mutation,ORF1a:P3395H
MUTATION|ORF1a:Q3332E,Mutation,ORF1a:Q3332E
MUTATION|ORF1a:Q3966R,Mutation,ORF1a:Q3966R
MUTATION|ORF1a:R1404C,Mutation,ORF1a:R1404C
MUTATION|ORF1a:R3821K,Mutation,ORF1a:R3821K
MUTATION|ORF1a:S1188L,Mutation,ORF1a:S1188L
MUTATION|ORF1a:S135R,Mutation,ORF1a:S135R
MUTATION|ORF1a:S1857L,Mutation,ORF1a:S1857L
MUTATION|ORF1a:S2083-,Mutation,ORF1a:S2083-
MUTATION|ORF1a:S2947N,Mutation,ORF1a:S2947N
MUTATION|ORF1a:S318L,Mutation,ORF1a:S318L
MUTATION|ORF1a:S3675-,Mutation,ORF1a:S3675-
MUTATION|ORF1a:T1001I,Mutation,ORF1a:T1001I
MUTATION|ORF1a:T1395N,Mutation,ORF1a:T1395N
MUTATION|ORF1a:T1567I,Mutation,ORF1a:T1567I
MUTATION|ORF1a:T265I,Mutation,ORF1a:T265I
MUTATION|ORF1a:T3090I,Mutation,ORF1a:T3090I
MUTATION|ORF1a:T3255I,Mutation,ORF1a:T3255I
MUTATION|ORF1a:T3646A,Mutation,ORF1a:T3646A
MUTATION|ORF1a:T3750I,Mutation,ORF1a:T3750I
MUTATION|ORF1a:T4175I,Mutation,ORF1a:T4175I
MUTATION|ORF1a:T842I,Mutation,ORF1a:T842I
MUTATION|ORF1a:T882I,Mutation,ORF1a:T882I
MUTATION|ORF1a:V1750A,Mutation,ORF1a:V1750A
MUTATION|ORF1a:V2930L,Mutation,ORF1a:V2930L
MUTATION|ORF1a:V3593F,Mutation,ORF1a:V3593F
MUTATION|ORF1a:V3718A,Mutation,ORF1a:V3718A
MUTATION|ORF1b:A1432V,Mutation,ORF1b:A1432V
MUTATION|ORF1b:A1918V,Mutation,ORF1b:A1918V
MUTATION|ORF1b:A2431V,Mutation,ORF1b:A2431V
MUTATION|ORF1b:A517V,Mutation,ORF1b:A517V
MUTATION|ORF1b:D1746Y,Mutation,ORF1b:D1746Y
MUTATION|ORF1b:E1264D,Mutation,ORF1b:E1264D
MUTATION|ORF1b:F183V,Mutation,ORF1b:F183V
MUTATION|ORF1b:G1129C,Mutation,ORF1b:G1129C
MUTATION|ORF1b:G662S,Mutation,ORF1b:G662S
MUTATION|ORF1b:H1087Y,Mutation,ORF1b:H1087Y
MUTATION|ORF1b:I1257V,Mutation,ORF1b:I1257V
MUTATION|ORF1b:I1566V,Mutation,ORF1b:I1566V
MUTATION|ORF1b:K1383R,Mutation,ORF1b:K1383R
MUTATION|ORF1b:K2310R,Mutation,ORF1b:K2310R
MUTATION|ORF1b:K2538R,Mutation,ORF1b:K2538R
MUTATION|ORF1b:K2557R,Mutation,ORF1b:K2557R
MUTATION|ORF1b:K2660R,Mutation,ORF1b:K2660R
MUTATION|ORF1b:L2213F,Mutation,ORF1b:L2213F
MUTATION|ORF1b:L2523F,Mutation,ORF1b:L2523F
MUTATION|ORF1b:M1352I,Mutation,ORF1b:M1352I
MUTATION|ORF1b:N1780S,Mutation,ORF1b:N1780S
MUTATION|ORF1b:P1000L,Mutation,ORF1b:P1000L
MUTATION|ORF1b:P218L,Mutation,ORF1b:P218L
MUTATION|ORF1b:P314L,Mutation,ORF1b:P314L
MUTATION|ORF1b:R1315C,Mutation,ORF1b:R1315C
MUTATION|ORF1b:S2312A,Mutation,ORF1b:S2312A
MUTATION|ORF1b:S959P,Mutation,ORF1b:S959P
MUTATION|ORF1b:T2081A,Mutation,ORF1b:T2081A
MUTATION|ORF1b:T2163I,Mutation,ORF1b:T2163I
MUTATION|ORF1b:V1787I,Mutation,ORF1b:V1787I
MUTATION|ORF3a:A99V,Mutation,ORF3a:A99V
MUTATION|ORF3a:P159S,Mutation,ORF3a:P159S
MUTATION|ORF3a:P240S,Mutation,ORF3a:P240S
MUTATION|ORF3a:Q57H,Mutation,ORF3a:Q57H
MUTATION|ORF3a:S253P,Mutation,ORF3a:S253P
MUTATION|ORF3a:S26L,Mutation,ORF3a:S26L
MUTATION|ORF3a:T151I,Mutation,ORF3a:T151I
MUTATION|ORF3a:T223I,Mutation,ORF3a:T223I
MUTATION|ORF3a:W45L,Mutation,ORF3a:W45L
MUTATION|ORF6:D61L,Mutation,ORF6:D61L
MUTATION|ORF7a:E92K,Mutation,ORF7a:E92K
MUTATION|ORF7a:L116F,Mutation,ORF7a:L116F
MUTATION|ORF7a:Q62E,Mutation,ORF7a:Q62E
MUTATION|ORF7a:T120I,Mutation,ORF7a:T120I
MUTATION|ORF7a:V82A,Mutation,ORF7a:V82A
MUTATION|ORF7b:F19L,Mutation,ORF7b:F19L
MUTATION|ORF7b:L32F,Mutation,ORF7b:L32F
MUTATION|ORF7b:T40I,Mutation,ORF7b:T40I
MUTATION|ORF8:C61F,Mutation,ORF8:C61F
MUTATION|ORF8:D119-,Mutation,ORF8:D119-
MUTATION|ORF8:E92K,Mutation,ORF8:E92K
MUTATION|ORF8:F120-,Mutation,ORF8:F120-
MUTATION|ORF8:F120L,Mutation,ORF8:F120L
MUTATION|ORF8:F41V,Mutation,ORF8:F41V
MUTATION|ORF8:G8*,Mutation,ORF8:G8*
MUTATION|ORF8:I88-,Mutation,ORF8:I88-
MUTATION|ORF8:K68*,Mutation,ORF8:K68*
MUTATION|ORF8:L60F,Mutation,ORF8:L60F
MUTATION|ORF8:L84S,Mutation,ORF8:L84S
MUTATION|ORF8:Q27*,Mutation,ORF8:Q27*
MUTATION|ORF8:R52I,Mutation,ORF8:R52I
MUTATION|ORF8:S24L,Mutation,ORF8:S24L
MUTATION|ORF8:T87-,Mutation,ORF8:T87-
MUTATION|ORF8:Y73C,Mutation,ORF8:Y73C
MUTATION|ORF9b:A29-,Mutation,ORF9b:A29-
MUTATION|ORF9b:E27-,Mutation,ORF9b:E27-
MUTATION|ORF9b:I5T,Mutation,ORF9b:I5T
MUTATION|ORF9b:N28-,Mutation,ORF9b:N28-
MUTATION|ORF9b:N55S,Mutation,ORF9b:N55S
MUTATION|ORF9b:P10S,Mutation,ORF9b:P10S
MUTATION|ORF9b:Q77E,Mutation,ORF9b:Q77E
MUTATION|ORF9b:T60A,Mutation,ORF9b:T60A
MUTATION|S:16:MPLF,Mutation,S:16:MPLF
MUTATION|S:214:EPE,Mutation,S:214:EPE
MUTATION|S:A222V,Mutation,S:A222V
MUTATION|S:A264D,Mutation,S:A264D
MUTATION|S:A27S,Mutation,S:A27S
MUTATION|S:A570D,Mutation,S:A570D
MUTATION|S:A570V,Mutation,S:A570V
MUTATION|S:A653V,Mutation,S:A653V
MUTATION|S:A67V,Mutation,S:A67V
MUTATION|S:D1118H,Mutation,S:D1118H
MUTATION|S:D1118Y,Mutation,S:D1118Y
MUTATION|S:D138Y,Mutation,S:D138Y
MUTATION|S:D253G,Mutation,S:D253G
MUTATION|S:D405N,Mutation,S:D405N
MUTATION|S:D614G,Mutation,S:D614G
MUTATION|S:D796Y,Mutation,S:D796Y
MUTATION|S:D950N,Mutation,S:D950N
MUTATION|S:E154K,Mutation,S:E154K
MUTATION|S:E156-,Mutation,S:E156-
MUTATION|S:E180V,Mutation,S:E180V
MUTATION|S:E484A,Mutation,S:E484A
MUTATION|S:E484D,Mutation,S:E484D
MUTATION|S:E484K,Mutation,S:E484K
MUTATION|S:E484Q,Mutation,S:E484Q
MUTATION|S:E554K,Mutation,S:E554K
MUTATION|S:F157-,Mutation,S:F157-
MUTATION|S:F157L,Mutation,S:F157L
MUTATION|S:F157S,Mutation,S:F157S
MUTATION|S:F456L,Mutation,S:F456L
MUTATION|S:F486P,Mutation,S:F486P
MUTATION|S:F490S,Mutation,S:F490S
MUTATION|S:G142-,Mutation,S:G142-
MUTATION|S:G142D,Mutation,S:G142D
MUTATION|S:G252V,Mutation,S:G252V
MUTATION|S:G339D,Mutation,S:G339D
MUTATION|S:G339H,Mutation,S:G339H
MUTATION|S:G446S,Mutation,S:G446S
MUTATION|S:G496S,Mutation,S:G496S
MUTATION|S:H146Q,Mutation,S:H146Q
MUTATION|S:H245N,Mutation,S:H245N
MUTATION|S:H655Y,Mutation,S:H655Y
MUTATION|S:H69-,Mutation,S:H69-
MUTATION|S:I332V,Mutation,S:I332V
MUTATION|S:K1191N,Mutation,S:K1191N
MUTATION|S:K356T,Mutation,S:K356T
MUTATION|S:K417N,Mutation,S:K417N
MUTATION|S:K417T,Mutation,S:K417T
MUTATION|S:L18F,Mutation,S:L18F
MUTATION|S:L212I,Mutation,S:L212I
MUTATION|S:L216F,Mutation,S:L216F
MUTATION|S:L24-,Mutation,S:L24-
MUTATION|S:L368I,Mutation,S:L368I
MUTATION|S:L452Q,Mutation,S:L452Q
MUTATION|S:L452R,Mutation,S:L452R
MUTATION|S:L452W,Mutation,S:L452W
MUTATION|S:L455S,Mutation,S:L455S
MUTATION|S:L5F,Mutation,S:L5F
MUTATION|S:L981F,Mutation,S:L981F
MUTATION|S:N211-,Mutation,S:N211-
MUTATION|S:N440K,Mutation,S:N440K
MUTATION|S:N450D,Mutation,S:N450D
MUTATION|S:N460K,Mutation,S:N460K
MUTATION|S:N481K,Mutation,S:N481K
MUTATION|S:N501Y,Mutation,S:N501Y
MUTATION|S:N679K,Mutation,S:N679K
MUTATION|S:N74K,Mutation,S:N74K
MUTATION|S:N764K,Mutation,S:N764K
MUTATION|S:N856K,Mutation,S:N856K
MUTATION|S:N969K,Mutation,S:N969K
MUTATION|S:P1143L,Mutation,S:P1143L
MUTATION|S:P25-,Mutation,S:P25-
MUTATION|S:P26-,Mutation,S:P26-
MUTATION|S:P26S,Mutation,S:P26S
MUTATION|S:P621S,Mutation,S:P621S
MUTATION|S:P681H,Mutation,S:P681H
MUTATION|S:P681R,Mutation,S:P681R
MUTATION|S:P812L,Mutation,S:P812L
MUTATION|S:Q1071H,Mutation,S:Q1071H
MUTATION|S:Q183E,Mutation,S:Q183E
MUTATION|S:Q493R,Mutation,S:Q493R
MUTATION|S:Q498R,Mutation,S:Q498R
MUTATION|S:Q52H,Mutation,S:Q52H
MUTATION|S:Q954H,Mutation,S:Q954H
MUTATION|S:Q992H,Mutation,S:Q992H
MUTATION|S:R158G,Mutation,S:R158G
MUTATION|S:R190S,Mutation,S:R190S
MUTATION|S:R21T,Mutation,S:R21T
MUTATION|S:R346T,Mutation,S:R346T
MUTATION|S:R403K,Mutation,S:R403K
MUTATION|S:R408S,Mutation,S:R408S
MUTATION|S:S371F,Mutation,S:S371F
MUTATION|S:S371L,Mutation,S:S371L
MUTATION|S:S373P,Mutation,S:S373P
MUTATION|S:S375F,Mutation,S:S375F
MUTATION|S:S477N,Mutation,S:S477N
MUTATION|S:S50L,Mutation,S:S50L
MUTATION|S:S704L,Mutation,S:S704L
MUTATION|S:S730F,Mutation,S:S730F
MUTATION|S:S813I,Mutation,S:S813I
MUTATION|S:S939F,Mutation,S:S939F
MUTATION|S:S982A,Mutation,S:S982A
MUTATION|S:T1027I,Mutation,S:T1027I
MUTATION|S:T19I,Mutation,S:T19I
MUTATION|S:T19R,Mutation,S:T19R
MUTATION|S:T208M,Mutation,S:T208M
MUTATION|S:T20N,Mutation,S:T20N
MUTATION|S:T29I,Mutation,S:T29I
MUTATION|S:T376A,Mutation,S:T376A
MUTATION|S:T478K,Mutation,S:T478K
MUTATION|S:T478R,Mutation,S:T478R
MUTATION|S:T547K,Mutation,S:T547K
MUTATION|S:T716I,Mutation,S:T716I
MUTATION|S:T747I,Mutation,S:T747I
MUTATION|S:T76I,Mutation,S:T76I
MUTATION|S:T95I,Mutation,S:T95I
MUTATION|S:V1176F,Mutation,S:V1176F
MUTATION|S:V127F,Mutation,S:V127F
MUTATION|S:V143-,Mutation,S:V143-
MUTATION|S:V213E,Mutation,S:V213E
MUTATION|S:V213G,Mutation,S:V213G
MUTATION|S:V445H,Mutation,S:V445H
MUTATION|S:V445P,Mutation,S:V445P
MUTATION|S:V483-,Mutation,S:V483-
MUTATION|S:V70-,Mutation,S:V70-
MUTATION|S:V83A,Mutation,S:V83A
MUTATION|S:Y144-,Mutation,S:Y144-
MUTATION|S:Y145D,Mutation,S:Y145D
MUTATION|S:Y505H,Mutation,S:Y505H
GENE|COX1,Gene,COX1
GENE|E,Gene,E
GENE|M,Gene,M
GENE|N,Gene,N
GENE|ORF10,Gene,ORF10
GENE|ORF1a,Gene,ORF1a
GENE|ORF1ab,Gene,ORF1ab
GENE|ORF1b,Gene,ORF1b
GENE|ORF3a,Gene,ORF3a
GENE|ORF6,Gene,ORF6
GENE|ORF7a,Gene,ORF7a
GENE|ORF7b,Gene,ORF7b
GENE|ORF8,Gene,ORF8
GENE|ORF9b,Gene,ORF9b
GENE|PB2,Gene,PB2
GENE|S,Gene,S
GENE|orf10,Gene,orf10
GENE|orf1ab,Gene,orf1ab
GENE|orf3a,Gene,orf3a
GENE|orf6,Gene,orf6
GENE|orf7a,Gene,orf7a
GENE|orf8,Gene,orf8
LINEAGE|19A,Lineage,19A
LINEAGE|19B,Lineage,19B
LINEAGE|20B,Lineage,20B
LINEAGE|20C,Lineage,20C
LINEAGE|20I,Lineage,20I
LINEAGE|20J,Lineage,20J
LINEAGE|21B,Lineage,21B
LINEAGE|21I,Lineage,21I
LINEAGE|21J,Lineage,21J
LINEAGE|21K,Lineage,21K
LINEAGE|22C,Lineage,22C
LINEAGE|23A,Lineage,23A
LINEAGE|23B,Lineage,23B
LINEAGE|23F,Lineage,23F
LINEAGE|24A,Lineage,24A
LINEAGE|A,Lineage,A
LINEAGE|AY.103,Lineage,AY.103
LINEAGE|AY.29,Lineage,AY.29
LINEAGE|AY.44,Lineage,AY.44
LINEAGE|B,Lineage,B
LINEAGE|B.1,Lineage,B.1
LINEAGE|B.1.1,Lineage,B.1.1
LINEAGE|B.1.1.7,Lineage,B.1.1.7
LINEAGE|B.1.426,Lineage,B.1.426
LINEAGE|B.1.617.1,Lineage,B.1.617.1
LINEAGE|B.1.617.2,Lineage,B.1.617.2
LINEAGE|BA.1.19,Lineage,BA.1.19
LINEAGE|BA.2.12.1,Lineage,BA.2.12.1
LINEAGE|HV.1,Lineage,HV.1
LINEAGE|JN.1,Lineage,JN.1
LINEAGE|P.1,Lineage,P.1
LINEAGE|P.1.14,Lineage,P.1.14
LINEAGE|Q.7,Lineage,Q.7
LINEAGE|XBB.1.16.6,Lineage,XBB.1.16.6
LINEAGE|XBB.1.5.13,Lineage,XBB.1.5.13
CLADE|19B,Clade,19B
CLADE|20B,Clade,20B
CLADE|20C,Clade,20C
CLADE|20I,Clade,20I
CLADE|20J,Clade,20J
CLADE|21B,Clade,21B
CLADE|19A,Clade,19A
CLADE|21J,Clade,21J
CLADE|21K,Clade,21K
CLADE|22C,Clade,22C
CLADE|23A,Clade,23A
CLADE|23F,Clade,23F
CLADE|23B,Clade,23B
CLADE|24A,Clade,24A
CLADE|21I,Clade,21I
